{
  "status": "COMPLETED",
  "idea_id": "idea-192",
  "idea_title": "nexvitad-bottleneck-zipformer",
  "epochs": 25,
  "best_val_metric": 0.9902684415687509,
  "best_metric_name": "mAP_1000ms",
  "test_metrics": {
    "auc_roc": 0.981018981018981,
    "average_precision": 0.9825149983737955,
    "mAP_500ms": 0.982514998373796,
    "mAP_1000ms": 0.982514998373796,
    "mAP_1500ms": 0.982514998373796,
    "FPR@0.3": 0.2077922077922078,
    "FPR@0.5": 0.03896103896103896,
    "FPR@0.7": 0.025974025974025976,
    "FPR@0.9": 0.012987012987012988,
    "accuracy": 0.9647887323943662
  },
  "training_log_summary": {
    "final_train_loss": 5.8167598676211725,
    "total_epochs": 25,
    "max_epochs": 25,
    "early_stopped": false,
    "effective_batch_size": 32,
    "grad_accumulation_steps": 4,
    "end_to_end": true
  },
  "timestamp": "2026-02-15T14:01:17.800583"
}